game_id,unique_codes,transitions,codes_list
2025020153,11,23,"0651,1331,1340,1341,1431,1441,1451,1531,1541,1551,1560"
2025020655,11,19,"0651,1331,1340,1341,1350,1441,1451,1460,1541,1551,1560"
2025020385,10,30,"0541,0631,0641,0651,1351,1441,1451,1541,1551,1560"
2025020277,10,29,"0641,0651,1331,1340,1341,1441,1451,1541,1551,1560"
2025020479,10,25,"0651,1331,1341,1351,1441,1451,1460,1541,1551,1560"
2025020727,10,25,"0641,1331,1341,1441,1451,1460,1531,1541,1551,1560"
2025020679,10,24,"0651,1351,1441,1451,1460,1531,1541,1550,1551,1560"
2025020330,10,23,"0541,0651,1331,1431,1441,1451,1460,1541,1551,1560"
2025020008,10,20,"0541,0551,0651,1331,1351,1441,1451,1541,1551,1560"
2025020470,10,19,"0551,0651,0660,1331,1341,1441,1451,1541,1551,1560"
2025020708,10,19,"0641,0651,1331,1351,1441,1451,1460,1541,1551,1560"
2025020734,10,19,"0631,0641,0651,1431,1441,1450,1451,1531,1541,1551"
2025020500,10,13,"1010,1331,1340,1341,1350,1441,1451,1541,1551,1560"
2025020003,9,28,"0641,0651,1351,1451,1460,1541,1550,1551,1560"
2025020852,9,28,"0651,1331,1341,1351,1431,1441,1451,1541,1551"
2025020793,9,25,"0641,0651,1351,1441,1451,1460,1531,1541,1551"
2025020013,9,22,"0551,0641,0651,1341,1441,1451,1541,1551,1560"
2025020484,9,22,"0651,1351,1441,1451,1460,1541,1550,1551,1560"
2025020177,9,21,"0651,1331,1340,1341,1351,1451,1541,1551,1560"
2025020444,9,20,"0641,0651,1331,1441,1451,1460,1541,1551,1560"
2025020040,9,19,"0641,0651,1350,1441,1450,1451,1541,1551,1560"
2025020007,9,17,"0651,1331,1351,1441,1451,1460,1541,1551,1560"
2025020170,9,16,"0541,0641,0651,1441,1451,1460,1541,1551,1560"
2025020236,9,16,"0551,0641,0651,1441,1451,1460,1541,1551,1560"
2025020591,8,31,"0641,0651,1441,1451,1460,1541,1551,1560"
2025020256,8,28,"0651,1351,1441,1451,1531,1541,1551,1560"
2025020607,8,28,"0641,0651,1441,1451,1531,1541,1551,1560"
2025020303,8,27,"0541,0641,0651,1441,1451,1541,1551,1560"
2025020713,8,27,"0641,0651,1351,1441,1451,1531,1541,1551"
2025020497,8,26,"0651,1331,1441,1451,1531,1541,1551,1560"
2025020524,8,26,"0641,0651,1451,1460,1531,1541,1551,1560"
2025020494,8,25,"0651,1441,1451,1460,1531,1541,1551,1560"
2025020156,8,24,"0651,1341,1441,1450,1451,1541,1551,1560"
2025020834,8,24,"0651,1441,1450,1451,1460,1541,1551,1560"
2025020017,8,23,"1431,1441,1451,1460,1531,1541,1551,1560"
2025020474,8,23,"1331,1441,1451,1531,1541,1550,1551,1560"
2025020282,8,22,"1331,1351,1441,1451,1460,1541,1551,1560"
2025020351,8,22,"0651,1351,1441,1451,1460,1541,1551,1560"
2025020740,8,22,"0651,1341,1441,1451,1531,1541,1551,1560"
2025020750,8,22,"1341,1351,1431,1441,1451,1460,1541,1551"
2025020047,8,21,"0431,0651,1331,1351,1431,1451,1541,1551"
2025020167,8,21,"0641,0651,1331,1341,1441,1451,1541,1551"
2025020582,8,21,"0651,1331,1431,1441,1451,1541,1551,1560"
2025020766,8,21,"0651,1331,1341,1441,1451,1531,1541,1551"
2025020792,8,21,"0641,0651,1351,1441,1451,1531,1541,1551"
2025020178,8,20,"1341,1351,1441,1451,1460,1541,1551,1560"
2025020186,8,20,"0641,0651,1331,1441,1451,1541,1551,1560"
2025020201,8,20,"0651,1331,1451,1460,1531,1541,1551,1560"
2025020337,8,20,"0641,0651,1441,1451,1460,1541,1551,1560"
2025020345,8,20,"0651,1351,1431,1441,1451,1531,1541,1551"
2025020370,8,20,"0431,0651,1331,1431,1441,1451,1541,1551"
2025020435,8,20,"0641,0651,1441,1451,1460,1541,1551,1560"
2025020468,8,20,"0641,0651,1331,1431,1441,1451,1541,1551"
2025020717,8,20,"0641,0651,1331,1441,1451,1531,1541,1551"
2025020006,8,19,"0651,1331,1341,1431,1441,1451,1541,1551"
2025020135,8,19,"0641,0651,1341,1441,1450,1451,1541,1551"
2025020555,8,19,"1331,1441,1451,1460,1531,1541,1551,1560"
2025020220,8,18,"0641,0651,1331,1441,1451,1541,1551,1560"
2025020616,8,18,"1331,1340,1341,1441,1451,1541,1551,1560"
2025020043,8,17,"0651,1441,1451,1531,1541,1550,1551,1560"
2025020150,8,17,"1331,1341,1431,1450,1451,1460,1541,1551"
2025020525,8,17,"0641,0651,1331,1451,1460,1541,1551,1560"
2025020080,8,16,"0641,0651,1441,1450,1451,1541,1551,1560"
2025020241,8,16,"0541,0551,0641,1441,1451,1541,1551,1560"
2025020434,8,16,"0641,0651,1351,1441,1451,1531,1541,1551"
2025020553,8,16,"0641,0651,1331,1431,1451,1541,1551,1560"
2025020475,8,15,"0641,0651,1331,1451,1531,1541,1551,1560"
2025020662,8,15,"1331,1351,1441,1451,1460,1541,1551,1560"
2025020751,8,15,"0641,0651,1331,1340,1451,1531,1541,1551"
2025020175,8,14,"1331,1341,1441,1451,1460,1541,1551,1560"
2025020608,8,14,"1331,1341,1351,1451,1460,1541,1551,1560"
2025020620,8,14,"0431,0531,1331,1431,1441,1451,1541,1551"
2025020686,8,14,"0641,0651,1331,1351,1451,1460,1541,1551"
2025020826,8,14,"0651,1331,1351,1451,1460,1541,1551,1560"
2025020306,8,13,"0641,0651,1331,1441,1451,1541,1551,1560"
2025020738,8,11,"0641,0651,1331,1441,1451,1541,1551,1560"
2025020031,7,30,"0651,1441,1451,1531,1541,1551,1560"
2025020180,7,30,"0651,1341,1441,1451,1541,1551,1560"
2025020285,7,30,"0651,1351,1441,1451,1541,1551,1560"
2025020510,7,29,"0651,1331,1341,1441,1451,1541,1551"
2025020041,7,27,"1351,1441,1451,1460,1541,1551,1560"
2025020463,7,27,"0641,0651,1351,1441,1451,1541,1551"
2025020211,7,26,"0641,0651,1441,1451,1541,1550,1551"
2025020224,7,26,"0641,0651,1441,1451,1541,1551,1560"
2025020076,7,25,"0651,1441,1451,1460,1541,1551,1560"
2025020092,7,25,"0651,1441,1451,1460,1541,1551,1560"
2025020212,7,25,"0651,1351,1441,1451,1541,1551,1560"
2025020577,7,25,"0641,0651,1441,1451,1531,1541,1551"
2025020790,7,25,"1331,1441,1451,1460,1541,1551,1560"
2025020342,7,24,"0651,1441,1451,1460,1541,1551,1560"
2025020403,7,24,"0641,0651,1451,1460,1541,1551,1560"
2025020473,7,23,"0641,0651,1451,1460,1541,1551,1560"
2025020585,7,23,"0641,0651,1341,1441,1451,1541,1551"
2025020635,7,23,"0641,0651,1331,1441,1451,1541,1551"
2025020719,7,23,"0651,1441,1451,1460,1541,1551,1560"
2025020818,7,23,"1331,1351,1441,1451,1541,1551,1560"
2025020036,7,22,"0651,1331,1351,1451,1541,1551,1560"
2025020204,7,22,"0651,1331,1431,1451,1531,1541,1551"
2025020221,7,22,"0651,1441,1451,1460,1541,1551,1560"
2025020259,7,22,"1351,1441,1451,1460,1541,1551,1560"
2025020406,7,22,"0651,1441,1451,1460,1541,1551,1560"
2025020547,7,22,"0651,1451,1460,1531,1541,1551,1560"
2025020551,7,22,"0651,1441,1451,1531,1541,1551,1560"
2025020588,7,22,"0101,0641,0651,1441,1451,1541,1551"
2025020715,7,22,"0641,0651,1441,1451,1541,1551,1560"
2025020020,7,21,"0641,0651,1331,1351,1451,1541,1551"
2025020094,7,21,"0641,0651,1441,1451,1541,1551,1560"
2025020287,7,21,"0651,1331,1441,1451,1541,1551,1560"
2025020320,7,21,"1431,1441,1451,1460,1541,1551,1560"
2025020341,7,21,"1341,1351,1441,1451,1541,1551,1560"
2025020512,7,21,"0631,0651,1451,1531,1541,1551,1560"
2025020646,7,21,"0541,0641,0651,1441,1451,1541,1551"
2025020768,7,21,"0651,1331,1451,1460,1541,1551,1560"
2025020011,7,20,"0651,1341,1431,1451,1541,1551,1560"
2025020029,7,20,"0641,0651,1451,1460,1541,1551,1560"
2025020101,7,20,"0641,0651,1451,1460,1541,1551,1560"
2025020112,7,20,"0541,0651,1431,1441,1451,1541,1551"
2025020168,7,20,"0651,1331,1341,1441,1451,1541,1551"
2025020190,7,20,"0651,1441,1451,1460,1541,1551,1560"
2025020394,7,20,"0651,1331,1431,1441,1451,1541,1551"
2025020535,7,20,"0641,0651,1451,1460,1541,1551,1560"
2025020618,7,20,"0651,1331,1431,1451,1541,1551,1560"
2025020631,7,20,"1441,1451,1460,1531,1541,1551,1560"
2025020758,7,20,"0651,1331,1351,1441,1451,1541,1551"
2025020830,7,20,"0641,0651,1331,1441,1451,1541,1551"
2025020838,7,20,"0651,1351,1441,1451,1531,1541,1551"
2025020039,7,19,"0641,0651,1441,1451,1541,1551,1560"
2025020091,7,19,"0641,1331,1441,1451,1541,1550,1551"
2025020144,7,19,"0651,1441,1451,1460,1541,1551,1560"
2025020161,7,19,"0651,1351,1451,1460,1541,1551,1560"
2025020164,7,19,"1331,1441,1451,1460,1541,1551,1560"
2025020440,7,19,"1331,1441,1451,1460,1541,1551,1560"
2025020442,7,19,"0431,1331,1431,1441,1451,1541,1551"
2025020496,7,19,"0641,0651,1441,1451,1531,1541,1551"
2025020498,7,19,"1331,1341,1441,1451,1531,1541,1551"
2025020549,7,19,"1331,1431,1441,1451,1541,1551,1560"
2025020564,7,19,"1341,1351,1441,1451,1541,1551,1560"
2025020579,7,19,"0641,0651,1331,1441,1451,1541,1551"
2025020656,7,19,"0641,0651,1331,1441,1451,1541,1551"
2025020657,7,19,"1331,1441,1451,1460,1541,1551,1560"
2025020798,7,19,"0641,0651,1341,1441,1451,1541,1551"
2025020084,7,18,"0641,0651,1451,1531,1541,1551,1560"
2025020113,7,18,"1341,1441,1451,1531,1541,1551,1560"
2025020346,7,18,"0641,0651,1331,1441,1451,1541,1551"
2025020451,7,18,"0641,0651,1441,1451,1541,1551,1560"
2025020467,7,18,"0641,0651,1441,1451,1541,1551,1560"
2025020523,7,18,"0651,1441,1451,1460,1541,1551,1560"
2025020594,7,18,"0641,0651,1331,1451,1541,1551,1560"
2025020663,7,18,"0101,0651,1010,1441,1451,1541,1551"
2025020698,7,18,"0641,0651,1441,1451,1541,1551,1560"
2025020058,7,17,"0651,1351,1441,1451,1460,1541,1551"
2025020145,7,17,"1431,1441,1451,1531,1541,1551,1560"
2025020169,7,17,"0641,0651,1331,1451,1531,1541,1551"
2025020515,7,17,"0651,1351,1441,1451,1541,1551,1560"
2025020681,7,17,"0651,1331,1441,1451,1541,1551,1560"
2025020726,7,17,"0651,1331,1441,1451,1541,1551,1560"
2025020782,7,17,"0651,1341,1441,1451,1541,1551,1560"
2025020050,7,16,"1331,1431,1441,1451,1541,1551,1560"
2025020396,7,16,"0641,0651,1451,1460,1541,1551,1560"
2025020459,7,16,"0551,0651,1441,1451,1541,1551,1560"
2025020504,7,16,"0641,0651,1441,1451,1541,1551,1560"
2025020544,7,16,"1331,1441,1450,1451,1541,1551,1560"
2025020623,7,16,"0101,1441,1451,1460,1541,1551,1560"
2025020776,7,16,"0641,0651,1351,1451,1541,1551,1560"
2025020780,7,16,"0641,0651,1441,1451,1531,1541,1551"
2025020012,7,15,"0551,0651,1441,1451,1541,1551,1560"
2025020062,7,15,"0641,0651,1331,1451,1541,1551,1560"
2025020082,7,15,"0651,1441,1451,1460,1541,1551,1560"
2025020100,7,15,"0651,1441,1451,1460,1541,1551,1560"
2025020134,7,15,"0641,0651,1331,1451,1541,1551,1560"
2025020189,7,15,"0641,0651,1451,1460,1541,1551,1560"
2025020238,7,15,"0651,1441,1451,1460,1541,1551,1560"
2025020253,7,15,"0641,0651,1451,1531,1541,1551,1560"
2025020336,7,15,"0651,1441,1451,1460,1541,1551,1560"
2025020360,7,15,"0651,1441,1451,1531,1541,1551,1560"
2025020492,7,15,"0641,0651,1441,1451,1541,1551,1560"
2025020629,7,15,"0651,1441,1451,1460,1541,1551,1560"
2025020723,7,15,"0651,1331,1441,1451,1541,1551,1560"
2025020806,7,15,"0651,1441,1451,1460,1541,1551,1560"
2025020264,7,14,"1331,1441,1451,1531,1541,1551,1560"
2025020348,7,14,"0641,0651,1341,1441,1451,1541,1551"
2025020630,7,14,"0641,0651,1351,1441,1451,1541,1551"
2025020770,7,14,"0541,0651,1441,1451,1541,1551,1560"
2025020842,7,14,"1341,1351,1441,1451,1541,1551,1560"
2025020095,7,13,"0541,0651,1441,1451,1541,1551,1560"
2025020192,7,13,"1010,1331,1340,1451,1541,1551,1560"
2025020518,7,13,"0651,1441,1451,1531,1541,1550,1551"
2025020642,7,13,"0651,1331,1341,1441,1451,1541,1551"
2025020254,7,12,"1331,1431,1441,1451,1541,1551,1560"
2025020290,7,12,"0651,1010,1331,1441,1451,1541,1551"
2025020382,7,12,"0651,1441,1451,1460,1541,1551,1560"
2025020456,7,12,"0651,1331,1451,1460,1541,1551,1560"
2025020614,7,12,"0641,0651,1451,1460,1541,1551,1560"
2025020674,7,12,"1010,1441,1451,1460,1541,1551,1560"
2025020709,7,12,"1331,1341,1351,1441,1451,1541,1551"
2025020137,7,11,"1331,1341,1431,1441,1451,1541,1551"
2025020592,7,11,"1331,1441,1451,1460,1541,1551,1560"
2025020294,7,10,"0651,1331,1341,1451,1460,1541,1551"
2025020562,7,9,"0651,1331,1341,1441,1451,1541,1551"
2025020126,6,32,"0641,0651,1441,1451,1541,1551"
2025020121,6,28,"1341,1431,1441,1451,1541,1551"
2025020574,6,27,"1441,1451,1460,1541,1551,1560"
2025020044,6,26,"0641,0651,1441,1451,1541,1551"
2025020670,6,26,"0651,1351,1451,1541,1551,1560"
2025020374,6,25,"0651,1441,1451,1541,1551,1560"
2025020023,6,24,"0651,1351,1451,1541,1551,1560"
2025020033,6,24,"1351,1451,1531,1541,1551,1560"
2025020664,6,24,"1441,1451,1460,1541,1551,1560"
2025020736,6,24,"0641,0651,1441,1451,1541,1551"
2025020060,6,23,"0651,1441,1451,1541,1551,1560"
2025020124,6,23,"0651,1351,1451,1541,1551,1560"
2025020179,6,23,"1441,1451,1460,1541,1551,1560"
2025020397,6,23,"0551,1441,1451,1541,1551,1560"
2025020423,6,23,"1351,1441,1451,1541,1550,1551"
2025020429,6,23,"1331,1431,1441,1451,1541,1551"
2025020240,6,22,"1441,1451,1531,1541,1551,1560"
2025020409,6,22,"1441,1451,1460,1541,1551,1560"
2025020675,6,22,"0651,1351,1451,1541,1551,1560"
2025020019,6,21,"0651,1441,1451,1541,1551,1560"
2025020064,6,21,"0651,1341,1441,1451,1541,1551"
2025020065,6,21,"0651,1441,1451,1541,1551,1560"
2025020361,6,21,"1351,1441,1451,1541,1551,1560"
2025020447,6,21,"1351,1441,1451,1541,1551,1560"
2025020532,6,21,"0651,1441,1451,1541,1551,1560"
2025020633,6,21,"1441,1451,1460,1541,1551,1560"
2025020032,6,20,"0651,1331,1451,1541,1551,1560"
2025020057,6,20,"0641,0651,1451,1531,1541,1551"
2025020074,6,20,"1331,1341,1441,1451,1541,1551"
2025020116,6,20,"0651,1331,1451,1531,1541,1551"
2025020233,6,20,"1441,1451,1460,1541,1551,1560"
2025020295,6,20,"0641,0651,1441,1451,1541,1551"
2025020506,6,20,"0651,1441,1451,1541,1551,1560"
2025020599,6,20,"1441,1451,1531,1541,1551,1560"
2025020632,6,20,"0551,0651,1441,1451,1541,1551"
2025020680,6,20,"0641,0651,1441,1451,1541,1551"
2025020775,6,20,"1441,1451,1460,1541,1551,1560"
2025020018,6,19,"0651,1451,1460,1541,1551,1560"
2025020246,6,19,"1431,1441,1451,1541,1551,1560"
2025020299,6,19,"0651,1451,1531,1541,1551,1560"
2025020445,6,19,"0651,1451,1460,1541,1551,1560"
2025020465,6,19,"0651,1451,1460,1541,1551,1560"
2025020545,6,19,"1351,1451,1460,1541,1551,1560"
2025020671,6,19,"0641,0651,1451,1541,1551,1560"
2025020696,6,19,"0641,0651,1441,1451,1541,1551"
2025020840,6,19,"0641,0651,1441,1451,1541,1551"
2025020014,6,18,"0651,1441,1451,1541,1551,1560"
2025020022,6,18,"0641,0651,1441,1451,1541,1551"
2025020035,6,18,"0641,0651,1441,1451,1541,1551"
2025020119,6,18,"1331,1451,1531,1541,1551,1560"
2025020611,6,18,"0651,1451,1460,1541,1551,1560"
2025020700,6,18,"0651,1331,1341,1451,1541,1551"
2025020771,6,18,"1341,1351,1441,1451,1541,1551"
2025020813,6,18,"1451,1460,1531,1541,1551,1560"
2025020069,6,17,"0551,0651,1351,1451,1541,1551"
2025020261,6,17,"0641,0651,1331,1451,1541,1551"
2025020401,6,17,"1331,1451,1460,1541,1551,1560"
2025020457,6,17,"1441,1450,1451,1541,1551,1560"
2025020466,6,17,"1441,1451,1460,1541,1551,1560"
2025020509,6,17,"0651,1331,1451,1541,1551,1560"
2025020621,6,17,"1441,1451,1460,1541,1551,1560"
2025020648,6,17,"0651,1441,1451,1531,1541,1551"
2025020732,6,17,"0101,0651,1451,1541,1551,1560"
2025020754,6,17,"1351,1431,1441,1451,1541,1551"
2025020772,6,17,"0651,1451,1460,1541,1551,1560"
2025020779,6,17,"0651,1441,1451,1531,1541,1551"
2025020795,6,17,"0651,1441,1451,1541,1551,1560"
2025020128,6,16,"0651,1441,1451,1541,1551,1560"
2025020155,6,16,"0651,1441,1451,1541,1551,1560"
2025020172,6,16,"1331,1451,1460,1541,1551,1560"
2025020205,6,16,"1331,1341,1441,1451,1541,1551"
2025020248,6,16,"0651,1441,1451,1531,1541,1551"
2025020257,6,16,"0651,1351,1451,1541,1551,1560"
2025020298,6,16,"1331,1341,1441,1451,1541,1551"
2025020300,6,16,"0641,0651,1441,1451,1541,1551"
2025020333,6,16,"1441,1451,1460,1541,1551,1560"
2025020359,6,16,"0651,1451,1460,1541,1551,1560"
2025020411,6,16,"0651,1441,1451,1541,1551,1560"
2025020415,6,16,"0651,1331,1451,1541,1551,1560"
2025020419,6,16,"0651,1331,1441,1451,1541,1551"
2025020430,6,16,"0641,0651,1441,1451,1541,1551"
2025020481,6,16,"0651,1441,1451,1541,1551,1560"
2025020558,6,16,"0651,1441,1451,1541,1551,1560"
2025020603,6,16,"0651,1341,1441,1451,1541,1551"
2025020647,6,16,"0641,0651,1451,1541,1551,1560"
2025020701,6,16,"0651,1010,1351,1451,1541,1551"
2025020744,6,16,"0641,0651,1451,1531,1541,1551"
2025020832,6,16,"1341,1441,1451,1541,1551,1560"
2025020026,6,15,"0651,1451,1460,1541,1551,1560"
2025020077,6,15,"1010,1451,1531,1541,1551,1560"
2025020138,6,15,"0651,1341,1441,1451,1541,1551"
2025020142,6,15,"1331,1451,1460,1541,1551,1560"
2025020194,6,15,"1441,1450,1451,1541,1551,1560"
2025020208,6,15,"0651,1331,1451,1541,1551,1560"
2025020229,6,15,"1441,1451,1460,1541,1551,1560"
2025020252,6,15,"1331,1451,1460,1541,1551,1560"
2025020255,6,15,"1351,1441,1451,1541,1551,1560"
2025020335,6,15,"1331,1441,1451,1531,1541,1551"
2025020339,6,15,"0651,1451,1460,1541,1551,1560"
2025020358,6,15,"0641,0651,1451,1541,1551,1560"
2025020373,6,15,"0651,1331,1451,1541,1551,1560"
2025020480,6,15,"0101,0651,1331,1451,1541,1551"
2025020505,6,15,"1441,1450,1451,1541,1551,1560"
2025020529,6,15,"0641,0651,1441,1451,1541,1551"
2025020609,6,15,"0641,0651,1451,1541,1551,1560"
2025020678,6,15,"0641,0651,1441,1451,1541,1551"
2025020760,6,15,"1331,1441,1451,1541,1551,1560"
2025020796,6,15,"1331,1451,1460,1541,1551,1560"
2025020816,6,15,"1331,1441,1451,1541,1551,1560"
2025020849,6,15,"1441,1451,1541,1550,1551,1560"
2025020851,6,15,"1351,1451,1460,1541,1551,1560"
2025020187,6,14,"1010,1331,1441,1451,1541,1551"
2025020195,6,14,"0651,1441,1451,1541,1551,1560"
2025020214,6,14,"1441,1451,1460,1541,1551,1560"
2025020278,6,14,"0641,0651,1441,1451,1541,1551"
2025020310,6,14,"1441,1451,1541,1550,1551,1560"
2025020389,6,14,"0641,0651,1451,1541,1551,1560"
2025020390,6,14,"0651,1351,1441,1451,1541,1551"
2025020399,6,14,"1331,1441,1451,1541,1551,1560"
2025020437,6,14,"0651,1010,1441,1451,1541,1551"
2025020449,6,14,"0641,0651,1441,1451,1541,1551"
2025020490,6,14,"0641,0651,1010,1451,1541,1551"
2025020575,6,14,"0651,1341,1441,1451,1541,1551"
2025020777,6,14,"0651,1331,1441,1451,1541,1551"
2025020809,6,14,"0101,1441,1451,1541,1551,1560"
2025020837,6,14,"1331,1431,1451,1541,1551,1560"
2025020016,6,13,"0651,1351,1441,1451,1541,1551"
2025020053,6,13,"0651,1441,1451,1541,1551,1560"
2025020061,6,13,"0651,1331,1451,1541,1551,1560"
2025020098,6,13,"1441,1451,1460,1541,1551,1560"
2025020105,6,13,"0641,0651,1451,1531,1541,1551"
2025020131,6,13,"1441,1451,1460,1541,1551,1560"
2025020143,6,13,"1441,1451,1541,1550,1551,1560"
2025020218,6,13,"1331,1341,1441,1451,1541,1551"
2025020313,6,13,"0651,1451,1460,1541,1551,1560"
2025020318,6,13,"0651,1451,1460,1541,1551,1560"
2025020375,6,13,"0651,1441,1451,1541,1551,1560"
2025020439,6,13,"1441,1451,1460,1541,1551,1560"
2025020464,6,13,"1441,1451,1541,1550,1551,1560"
2025020477,6,13,"1010,1441,1451,1541,1551,1560"
2025020538,6,13,"1441,1451,1460,1541,1551,1560"
2025020595,6,13,"0651,1451,1460,1541,1551,1560"
2025020688,6,13,"0651,1451,1531,1541,1551,1560"
2025020729,6,13,"0651,1441,1451,1541,1551,1560"
2025020756,6,13,"0641,0651,1451,1541,1551,1560"
2025020764,6,13,"0651,1451,1460,1541,1551,1560"
2025020847,6,13,"0651,1441,1451,1541,1551,1560"
2025020848,6,13,"1331,1451,1460,1541,1551,1560"
2025020854,6,13,"1331,1441,1451,1541,1551,1560"
2025020234,6,12,"1441,1451,1460,1541,1551,1560"
2025020364,6,12,"0651,1331,1441,1451,1541,1551"
2025020454,6,12,"0641,0651,1441,1451,1541,1551"
2025020472,6,12,"1341,1441,1451,1541,1551,1560"
2025020533,6,12,"1331,1341,1441,1451,1541,1551"
2025020622,6,12,"0651,1451,1460,1541,1551,1560"
2025020673,6,12,"1331,1431,1441,1451,1541,1551"
2025020765,6,12,"0651,1441,1451,1541,1551,1560"
2025020123,6,11,"0641,0651,1351,1451,1541,1551"
2025020215,6,11,"0651,1441,1451,1541,1551,1560"
2025020388,6,11,"0651,1331,1451,1541,1551,1560"
2025020714,6,11,"1331,1431,1441,1451,1541,1551"
2025020162,6,10,"0641,0651,1451,1541,1551,1560"
2025020383,6,10,"0651,1441,1451,1541,1551,1560"
2025020384,6,10,"0651,1331,1451,1541,1551,1560"
2025020452,6,10,"0651,1441,1451,1541,1551,1560"
2025020461,6,10,"0651,1451,1460,1541,1551,1560"
2025020593,6,10,"0641,0651,1441,1451,1541,1551"
2025020665,6,10,"1010,1451,1460,1541,1551,1560"
2025020799,6,10,"1331,1441,1451,1541,1551,1560"
2025020821,6,10,"0101,0631,1451,1531,1541,1551"
2025020850,6,10,"1441,1451,1460,1541,1551,1560"
2025020185,6,9,"0641,0651,1331,1451,1541,1551"
2025020344,6,9,"0551,0651,1441,1451,1541,1551"
2025020088,6,8,"1441,1451,1460,1541,1551,1560"
2025020196,6,8,"0651,1441,1451,1541,1551,1560"
2025020404,6,8,"0651,1331,1441,1451,1541,1551"
2025020651,6,7,"1331,1341,1441,1451,1541,1551"
2025020817,5,25,"1331,1451,1541,1551,1560"
2025020188,5,23,"1451,1460,1541,1551,1560"
2025020096,5,22,"1451,1460,1541,1551,1560"
2025020702,5,22,"1431,1441,1451,1541,1551"
2025020407,5,21,"1351,1441,1451,1541,1551"
2025020570,5,21,"0641,0651,1451,1541,1551"
2025020583,5,21,"1441,1451,1541,1551,1560"
2025020704,5,21,"1441,1451,1541,1551,1560"
2025020712,5,21,"0651,1441,1451,1541,1551"
2025020820,5,21,"0651,1441,1451,1541,1551"
2025020272,5,20,"0651,1441,1451,1541,1551"
2025020283,5,20,"1441,1451,1541,1551,1560"
2025020352,5,20,"1451,1460,1541,1551,1560"
2025020528,5,20,"1010,1451,1541,1551,1560"
2025020745,5,20,"1441,1451,1541,1551,1560"
2025020829,5,20,"0651,1010,1451,1541,1551"
2025020024,5,19,"0651,1441,1451,1541,1551"
2025020042,5,19,"0651,1451,1541,1551,1560"
2025020068,5,19,"1451,1460,1541,1551,1560"
2025020250,5,19,"1331,1451,1541,1551,1560"
2025020438,5,19,"0651,1441,1451,1541,1551"
2025020617,5,19,"0641,0651,1451,1541,1551"
2025020009,5,18,"1441,1451,1541,1551,1560"
2025020025,5,18,"0651,1441,1451,1541,1551"
2025020097,5,18,"0651,1441,1451,1541,1551"
2025020115,5,18,"0651,1451,1541,1551,1560"
2025020117,5,18,"1441,1451,1541,1551,1560"
2025020312,5,18,"0651,1351,1451,1541,1551"
2025020347,5,18,"0651,1441,1451,1541,1551"
2025020372,5,18,"1451,1531,1541,1551,1560"
2025020432,5,18,"1331,1451,1541,1551,1560"
2025020606,5,18,"1441,1451,1541,1551,1560"
2025020660,5,18,"1451,1460,1541,1551,1560"
2025020691,5,18,"1351,1451,1531,1541,1551"
2025020741,5,18,"0641,0651,1451,1541,1551"
2025020794,5,18,"0651,1441,1451,1541,1551"
2025020804,5,18,"0651,1451,1541,1551,1560"
2025020805,5,18,"0651,1451,1541,1551,1560"
2025020005,5,17,"1351,1451,1541,1551,1560"
2025020085,5,17,"0651,1451,1541,1551,1560"
2025020110,5,17,"1331,1441,1451,1541,1551"
2025020118,5,17,"0651,1451,1531,1541,1551"
2025020159,5,17,"0641,0651,1451,1541,1551"
2025020249,5,17,"0651,1441,1451,1541,1551"
2025020262,5,17,"0651,1441,1451,1541,1551"
2025020338,5,17,"1441,1451,1541,1551,1560"
2025020393,5,17,"0651,1351,1451,1541,1551"
2025020503,5,17,"0651,1451,1531,1541,1551"
2025020530,5,17,"0651,1451,1531,1541,1551"
2025020539,5,17,"1451,1460,1541,1551,1560"
2025020833,5,17,"1441,1451,1541,1551,1560"
2025020846,5,17,"1331,1451,1541,1551,1560"
2025020030,5,16,"1331,1451,1541,1551,1560"
2025020109,5,16,"0651,1451,1541,1551,1560"
2025020129,5,16,"1351,1441,1451,1541,1551"
2025020183,5,16,"0651,1441,1451,1541,1551"
2025020206,5,16,"1451,1460,1541,1551,1560"
2025020227,5,16,"0651,1451,1541,1551,1560"
2025020243,5,16,"0651,1451,1531,1541,1551"
2025020275,5,16,"0641,0651,1451,1541,1551"
2025020328,5,16,"1351,1451,1541,1551,1560"
2025020391,5,16,"1451,1460,1541,1551,1560"
2025020402,5,16,"1451,1460,1541,1551,1560"
2025020416,5,16,"1341,1441,1451,1541,1551"
2025020425,5,16,"1451,1460,1541,1551,1560"
2025020554,5,16,"1451,1460,1541,1551,1560"
2025020568,5,16,"0651,1441,1451,1541,1551"
2025020659,5,16,"0651,1441,1451,1541,1551"
2025020676,5,16,"0651,1351,1451,1541,1551"
2025020683,5,16,"0651,1441,1451,1541,1551"
2025020707,5,16,"1451,1460,1541,1551,1560"
2025020728,5,16,"0651,1351,1451,1541,1551"
2025020812,5,16,"0651,1451,1541,1551,1560"
2025020814,5,16,"0651,1441,1451,1541,1551"
2025020045,5,15,"1441,1451,1541,1551,1560"
2025020075,5,15,"1351,1451,1541,1551,1560"
2025020136,5,15,"1441,1451,1541,1551,1560"
2025020141,5,15,"1331,1441,1451,1541,1551"
2025020151,5,15,"0651,1441,1451,1541,1551"
2025020207,5,15,"1331,1441,1451,1541,1551"
2025020239,5,15,"0651,1331,1451,1541,1551"
2025020334,5,15,"1331,1351,1451,1541,1551"
2025020340,5,15,"1331,1441,1451,1541,1551"
2025020368,5,15,"1451,1460,1541,1551,1560"
2025020392,5,15,"1441,1451,1541,1551,1560"
2025020471,5,15,"0641,0651,1451,1541,1551"
2025020487,5,15,"1451,1460,1541,1551,1560"
2025020519,5,15,"1451,1460,1541,1551,1560"
2025020542,5,15,"0651,1451,1541,1551,1560"
2025020587,5,15,"1441,1451,1541,1551,1560"
2025020666,5,15,"0651,1451,1531,1541,1551"
2025020677,5,15,"1441,1451,1541,1551,1560"
2025020731,5,15,"1331,1441,1451,1541,1551"
2025020739,5,15,"0551,0651,1451,1541,1551"
2025020759,5,15,"0651,1451,1541,1551,1560"
2025020773,5,15,"1441,1451,1541,1551,1560"
2025020774,5,15,"0651,1451,1541,1551,1560"
2025020778,5,15,"1451,1531,1541,1551,1560"
2025020004,5,14,"0651,1451,1541,1551,1560"
2025020028,5,14,"0651,1451,1541,1551,1560"
2025020048,5,14,"0651,1451,1541,1551,1560"
2025020049,5,14,"0651,1441,1451,1541,1551"
2025020063,5,14,"1331,1451,1541,1551,1560"
2025020073,5,14,"0651,1451,1541,1551,1560"
2025020125,5,14,"1451,1460,1541,1551,1560"
2025020158,5,14,"1451,1460,1541,1551,1560"
2025020160,5,14,"0641,0651,1451,1541,1551"
2025020163,5,14,"1451,1460,1541,1551,1560"
2025020182,5,14,"0651,1010,1451,1541,1551"
2025020202,5,14,"0641,0651,1451,1541,1551"
2025020265,5,14,"1451,1460,1541,1551,1560"
2025020314,5,14,"1331,1341,1451,1541,1551"
2025020315,5,14,"0641,0651,1451,1541,1551"
2025020329,5,14,"0651,1451,1541,1551,1560"
2025020395,5,14,"1441,1451,1541,1551,1560"
2025020433,5,14,"0651,1441,1451,1541,1551"
2025020597,5,14,"1441,1451,1541,1551,1560"
2025020615,5,14,"1451,1460,1541,1551,1560"
2025020637,5,14,"0651,1451,1541,1551,1560"
2025020767,5,14,"1441,1451,1541,1551,1560"
2025020810,5,14,"1441,1451,1541,1551,1560"
2025020827,5,14,"0641,0651,1451,1541,1551"
2025020836,5,14,"0651,1451,1541,1551,1560"
2025020855,5,14,"0641,0651,1451,1541,1551"
2025020102,5,13,"0641,0651,1451,1541,1551"
2025020111,5,13,"0651,1451,1541,1551,1560"
2025020174,5,13,"0641,0651,1451,1541,1551"
2025020232,5,13,"1331,1441,1451,1541,1551"
2025020297,5,13,"1441,1451,1541,1551,1560"
2025020357,5,13,"0651,1441,1451,1541,1551"
2025020381,5,13,"1331,1441,1451,1541,1551"
2025020455,5,13,"1441,1451,1541,1551,1560"
2025020482,5,13,"0651,1441,1451,1541,1551"
2025020508,5,13,"1351,1451,1541,1551,1560"
2025020516,5,13,"0651,1331,1451,1541,1551"
2025020566,5,13,"1331,1441,1451,1541,1551"
2025020573,5,13,"1441,1451,1541,1551,1560"
2025020581,5,13,"0651,1441,1451,1541,1551"
2025020590,5,13,"0651,1441,1451,1541,1551"
2025020596,5,13,"1331,1441,1451,1541,1551"
2025020598,5,13,"0651,1441,1451,1541,1551"
2025020602,5,13,"0651,1331,1451,1541,1551"
2025020626,5,13,"0651,1441,1451,1541,1551"
2025020640,5,13,"0651,1010,1451,1541,1551"
2025020684,5,13,"0651,1351,1451,1541,1551"
2025020689,5,13,"1331,1441,1451,1541,1551"
2025020753,5,13,"1331,1441,1451,1541,1551"
2025020787,5,13,"0651,1451,1531,1541,1551"
2025020835,5,13,"0651,1451,1541,1551,1560"
2025020046,5,12,"1451,1460,1541,1551,1560"
2025020052,5,12,"0651,1331,1451,1541,1551"
2025020099,5,12,"1331,1431,1451,1541,1551"
2025020104,5,12,"1331,1431,1451,1541,1551"
2025020120,5,12,"1441,1451,1541,1551,1560"
2025020130,5,12,"1451,1460,1541,1551,1560"
2025020148,5,12,"0651,1441,1541,1551,1560"
2025020165,5,12,"1451,1460,1541,1551,1560"
2025020199,5,12,"0641,0651,1451,1541,1551"
2025020230,5,12,"0651,1441,1451,1541,1551"
2025020274,5,12,"0651,1441,1451,1541,1551"
2025020296,5,12,"0641,0651,1531,1541,1551"
2025020369,5,12,"0651,1331,1451,1541,1551"
2025020462,5,12,"1451,1460,1541,1551,1560"
2025020483,5,12,"1331,1451,1541,1551,1560"
2025020495,5,12,"0651,1351,1451,1541,1551"
2025020561,5,12,"1451,1460,1541,1551,1560"
2025020612,5,12,"1351,1451,1541,1551,1560"
2025020644,5,12,"1441,1451,1541,1551,1560"
2025020697,5,12,"0101,1351,1451,1541,1551"
2025020761,5,12,"1441,1451,1541,1551,1560"
2025020843,5,12,"0651,1441,1451,1541,1551"
2025020853,5,12,"0651,1351,1451,1541,1551"
2025020139,5,11,"0651,1441,1451,1541,1551"
2025020157,5,11,"0541,1331,1441,1451,1551"
2025020222,5,11,"0651,1441,1451,1541,1551"
2025020247,5,11,"0651,1441,1451,1541,1551"
2025020267,5,11,"0651,1451,1531,1541,1551"
2025020286,5,11,"0651,1451,1541,1551,1560"
2025020304,5,11,"0551,0651,1451,1541,1551"
2025020412,5,11,"0651,1441,1451,1541,1551"
2025020441,5,11,"1331,1451,1541,1551,1560"
2025020446,5,11,"0651,1451,1541,1551,1560"
2025020453,5,11,"1010,1451,1541,1551,1560"
2025020478,5,11,"1441,1451,1541,1551,1560"
2025020560,5,11,"0551,0651,1451,1541,1551"
2025020578,5,11,"1341,1441,1451,1541,1551"
2025020600,5,11,"0651,1331,1451,1541,1551"
2025020654,5,11,"1441,1451,1541,1551,1560"
2025020687,5,11,"0651,1351,1451,1541,1551"
2025020690,5,11,"1451,1460,1541,1551,1560"
2025020692,5,11,"0651,1451,1541,1551,1560"
2025020716,5,11,"0651,1451,1541,1551,1560"
2025020746,5,11,"0651,1441,1451,1541,1551"
2025020748,5,11,"1331,1451,1541,1551,1560"
2025020757,5,11,"0651,1451,1531,1541,1551"
2025020788,5,11,"1010,1331,1451,1541,1551"
2025020198,5,10,"0651,1331,1451,1541,1551"
2025020203,5,10,"0651,1331,1451,1541,1551"
2025020210,5,10,"0651,1441,1451,1541,1551"
2025020242,5,10,"1331,1451,1541,1551,1560"
2025020324,5,10,"1331,1451,1541,1551,1560"
2025020332,5,10,"1451,1460,1541,1551,1560"
2025020354,5,10,"0651,1451,1541,1551,1560"
2025020380,5,10,"1451,1531,1541,1551,1560"
2025020413,5,10,"1451,1541,1550,1551,1560"
2025020418,5,10,"1451,1460,1541,1551,1560"
2025020610,5,10,"0651,1451,1541,1551,1560"
2025020627,5,10,"0651,1451,1541,1551,1560"
2025020685,5,10,"1451,1460,1541,1551,1560"
2025020699,5,10,"1451,1460,1541,1551,1560"
2025020721,5,10,"0641,0651,1451,1541,1551"
2025020735,5,10,"1331,1451,1541,1551,1560"
2025020743,5,10,"1451,1460,1541,1551,1560"
2025020800,5,10,"0651,1441,1451,1541,1551"
2025020845,5,10,"1441,1451,1541,1551,1560"
2025020086,5,9,"1331,1451,1531,1541,1551"
2025020260,5,9,"0651,1441,1451,1541,1551"
2025020268,5,9,"1331,1351,1451,1541,1551"
2025020281,5,9,"1331,1451,1541,1551,1560"
2025020288,5,9,"1331,1451,1531,1541,1551"
2025020317,5,9,"0651,1331,1451,1541,1551"
2025020376,5,9,"1451,1531,1541,1551,1560"
2025020485,5,9,"0651,1331,1451,1541,1551"
2025020693,5,9,"1331,1351,1451,1541,1551"
2025020752,5,9,"1451,1460,1541,1551,1560"
2025020856,5,9,"1331,1451,1541,1551,1560"
2025020181,5,8,"0651,1451,1541,1551,1560"
2025020323,5,8,"0651,1451,1541,1551,1560"
2025020377,5,8,"1441,1451,1541,1551,1560"
2025020400,5,8,"0641,0651,1451,1541,1551"
2025020458,5,8,"0541,1331,1441,1541,1551"
2025020661,5,8,"1331,1451,1541,1551,1560"
2025020140,5,7,"1331,1441,1451,1541,1551"
2025020280,5,7,"0101,1331,1451,1541,1551"
2025020305,5,7,"0651,1331,1351,1451,1551"
2025020353,5,7,"0651,1441,1451,1541,1551"
2025020450,5,7,"0651,1441,1451,1541,1551"
2025020493,5,7,"0651,1441,1451,1551,1560"
2025020725,5,7,"0551,0651,1451,1541,1551"
2025020349,5,6,"1331,1341,1451,1541,1551"
2025020378,5,6,"0651,1331,1451,1541,1551"
2025020422,5,6,"1331,1451,1541,1551,1560"
2025020625,5,6,"0651,1331,1451,1541,1551"
2025020652,5,6,"1331,1431,1451,1541,1551"
2025020428,4,24,"1451,1541,1551,1560"
2025020326,4,21,"0651,1451,1541,1551"
2025020808,4,21,"0651,1451,1541,1551"
2025020154,4,20,"0651,1451,1541,1551"
2025020089,4,19,"1451,1541,1551,1560"
2025020103,4,19,"1451,1541,1551,1560"
2025020217,4,19,"1451,1541,1551,1560"
2025020641,4,19,"1451,1460,1541,1551"
2025020514,4,18,"1451,1541,1551,1560"
2025020649,4,18,"1441,1451,1541,1551"
2025020653,4,18,"1451,1541,1551,1560"
2025020703,4,18,"1451,1541,1551,1560"
2025020054,4,17,"0651,1451,1541,1551"
2025020284,4,17,"0651,1451,1541,1551"
2025020371,4,17,"0651,1451,1541,1551"
2025020517,4,17,"1451,1541,1551,1560"
2025020650,4,17,"0651,1451,1541,1551"
2025020055,4,16,"1441,1451,1541,1551"
2025020078,4,16,"0651,1451,1541,1551"
2025020133,4,16,"0651,1451,1541,1551"
2025020244,4,16,"1451,1541,1551,1560"
2025020263,4,16,"1451,1541,1551,1560"
2025020343,4,16,"1451,1541,1551,1560"
2025020362,4,16,"1441,1451,1541,1551"
2025020534,4,16,"1451,1541,1551,1560"
2025020557,4,16,"0651,1451,1541,1551"
2025020785,4,16,"0651,1451,1541,1551"
2025020010,4,15,"1451,1541,1551,1560"
2025020070,4,15,"1451,1541,1551,1560"
2025020132,4,15,"1331,1451,1541,1551"
2025020209,4,15,"0651,1451,1541,1551"
2025020309,4,15,"1441,1451,1541,1551"
2025020410,4,15,"0651,1451,1541,1551"
2025020431,4,15,"1451,1541,1551,1560"
2025020489,4,15,"1451,1541,1551,1560"
2025020613,4,15,"1341,1451,1541,1551"
2025020839,4,15,"1441,1451,1541,1551"
2025020056,4,14,"0651,1451,1541,1551"
2025020171,4,14,"1441,1451,1541,1551"
2025020225,4,14,"1451,1541,1551,1560"
2025020270,4,14,"0651,1451,1541,1551"
2025020273,4,14,"0651,1451,1541,1551"
2025020301,4,14,"1441,1451,1541,1551"
2025020387,4,14,"0651,1451,1541,1551"
2025020405,4,14,"1441,1451,1541,1551"
2025020488,4,14,"0651,1451,1541,1551"
2025020563,4,14,"1451,1541,1551,1560"
2025020636,4,14,"1451,1541,1551,1560"
2025020730,4,14,"0651,1451,1541,1551"
2025020769,4,14,"1351,1451,1541,1551"
2025020027,4,13,"0651,1451,1541,1551"
2025020034,4,13,"1331,1451,1541,1551"
2025020037,4,13,"1331,1451,1541,1551"
2025020072,4,13,"1331,1451,1541,1551"
2025020079,4,13,"1331,1451,1541,1551"
2025020087,4,13,"1451,1541,1551,1560"
2025020122,4,13,"0651,1451,1541,1551"
2025020149,4,13,"0651,1451,1541,1551"
2025020191,4,13,"1451,1460,1551,1560"
2025020245,4,13,"1451,1541,1551,1560"
2025020414,4,13,"0651,1451,1541,1551"
2025020420,4,13,"1451,1541,1551,1560"
2025020507,4,13,"1331,1451,1541,1551"
2025020569,4,13,"1331,1451,1541,1551"
2025020576,4,13,"1451,1541,1551,1560"
2025020584,4,13,"0651,1451,1541,1551"
2025020624,4,13,"1331,1451,1541,1551"
2025020694,4,13,"1351,1451,1541,1551"
2025020801,4,13,"1331,1451,1541,1551"
2025020803,4,13,"1331,1451,1541,1551"
2025020857,4,13,"0651,1451,1541,1551"
2025020066,4,12,"1451,1541,1551,1560"
2025020173,4,12,"1451,1541,1551,1560"
2025020213,4,12,"0651,1451,1541,1551"
2025020308,4,12,"0651,1451,1541,1551"
2025020469,4,12,"0651,1451,1541,1551"
2025020476,4,12,"1451,1541,1551,1560"
2025020491,4,12,"0651,1451,1541,1551"
2025020502,4,12,"1451,1460,1541,1551"
2025020511,4,12,"1451,1541,1551,1560"
2025020513,4,12,"1451,1541,1551,1560"
2025020531,4,12,"0651,1451,1541,1551"
2025020550,4,12,"1451,1541,1551,1560"
2025020639,4,12,"1451,1541,1551,1560"
2025020643,4,12,"1451,1541,1551,1560"
2025020672,4,12,"0651,1451,1541,1551"
2025020784,4,12,"1451,1541,1551,1560"
2025020819,4,12,"1451,1541,1551,1560"
2025020858,4,12,"1451,1541,1551,1560"
2025020001,4,11,"0651,1451,1541,1551"
2025020081,4,11,"1331,1451,1541,1551"
2025020083,4,11,"0651,1451,1541,1551"
2025020093,4,11,"1451,1541,1551,1560"
2025020108,4,11,"0651,1451,1541,1551"
2025020114,4,11,"1451,1541,1551,1560"
2025020127,4,11,"1331,1451,1541,1551"
2025020184,4,11,"1331,1451,1541,1551"
2025020193,4,11,"1331,1451,1541,1551"
2025020219,4,11,"1451,1541,1551,1560"
2025020223,4,11,"1451,1541,1551,1560"
2025020258,4,11,"1331,1451,1541,1551"
2025020266,4,11,"1331,1451,1541,1551"
2025020276,4,11,"0651,1451,1541,1551"
2025020291,4,11,"0651,1451,1541,1551"
2025020307,4,11,"1331,1451,1541,1551"
2025020322,4,11,"1331,1451,1541,1551"
2025020325,4,11,"1451,1541,1551,1560"
2025020327,4,11,"1441,1451,1541,1551"
2025020350,4,11,"1451,1541,1551,1560"
2025020365,4,11,"1451,1541,1551,1560"
2025020427,4,11,"1451,1541,1551,1560"
2025020541,4,11,"1331,1451,1541,1551"
2025020543,4,11,"1451,1541,1551,1560"
2025020546,4,11,"0651,1451,1541,1551"
2025020567,4,11,"0651,1451,1541,1551"
2025020604,4,11,"0651,1451,1541,1551"
2025020667,4,11,"0651,1451,1541,1551"
2025020668,4,11,"0651,1451,1541,1551"
2025020742,4,11,"1451,1541,1551,1560"
2025020762,4,11,"1331,1451,1541,1551"
2025020807,4,11,"1451,1541,1551,1560"
2025020811,4,11,"1451,1541,1551,1560"
2025020844,4,11,"0651,1451,1541,1551"
2025020002,4,10,"1451,1541,1551,1560"
2025020067,4,10,"1451,1541,1551,1560"
2025020071,4,10,"1451,1541,1551,1560"
2025020106,4,10,"1451,1541,1551,1560"
2025020176,4,10,"1441,1451,1541,1551"
2025020216,4,10,"1451,1541,1551,1560"
2025020237,4,10,"1451,1541,1551,1560"
2025020271,4,10,"0651,1451,1541,1551"
2025020321,4,10,"1441,1451,1541,1551"
2025020356,4,10,"1351,1451,1541,1551"
2025020521,4,10,"1451,1541,1551,1560"
2025020536,4,10,"0651,1451,1541,1551"
2025020537,4,10,"0651,1451,1541,1551"
2025020552,4,10,"0651,1451,1541,1551"
2025020556,4,10,"0651,1451,1541,1551"
2025020586,4,10,"1441,1451,1541,1551"
2025020645,4,10,"1351,1451,1541,1551"
2025020695,4,10,"1441,1451,1541,1551"
2025020718,4,10,"1451,1541,1551,1560"
2025020722,4,10,"1451,1541,1551,1560"
2025020733,4,10,"1441,1451,1541,1551"
2025020737,4,10,"1451,1541,1551,1560"
2025020755,4,10,"1441,1451,1541,1551"
2025020815,4,10,"1451,1541,1551,1560"
2025020823,4,10,"1451,1541,1551,1560"
2025020059,4,9,"1441,1451,1541,1551"
2025020147,4,9,"1331,1451,1541,1551"
2025020279,4,9,"1331,1451,1541,1551"
2025020319,4,9,"1331,1451,1541,1551"
2025020367,4,9,"0651,1451,1541,1551"
2025020398,4,9,"0651,1451,1541,1551"
2025020436,4,9,"1451,1541,1551,1560"
2025020448,4,9,"0651,1451,1541,1551"
2025020520,4,9,"0651,1451,1541,1551"
2025020540,4,9,"1451,1541,1551,1560"
2025020638,4,9,"0651,1451,1541,1551"
2025020658,4,9,"0651,1331,1541,1551"
2025020682,4,9,"1441,1451,1541,1551"
2025020749,4,9,"0651,1451,1541,1551"
2025020051,4,8,"1351,1451,1551,1560"
2025020197,4,8,"0651,1451,1541,1551"
2025020200,4,8,"0651,1451,1541,1551"
2025020293,4,8,"0651,1451,1541,1551"
2025020302,4,8,"0651,1451,1541,1551"
2025020417,4,8,"0651,1451,1541,1551"
2025020486,4,8,"1451,1541,1551,1560"
2025020527,4,8,"0651,1451,1541,1551"
2025020572,4,8,"0651,1451,1541,1551"
2025020589,4,8,"0651,1451,1541,1551"
2025020710,4,8,"0651,1451,1541,1551"
2025020724,4,8,"1441,1451,1551,1560"
2025020021,4,7,"0651,1451,1541,1551"
2025020038,4,7,"1451,1541,1551,1560"
2025020107,4,7,"1331,1451,1541,1551"
2025020152,4,7,"1331,1451,1541,1551"
2025020166,4,7,"1441,1451,1541,1551"
2025020231,4,7,"1331,1451,1541,1551"
2025020269,4,7,"1331,1451,1541,1551"
2025020289,4,7,"1331,1451,1541,1551"
2025020522,4,7,"0651,1451,1541,1551"
2025020601,4,7,"1331,1451,1541,1551"
2025020634,4,7,"0651,1451,1541,1551"
2025020711,4,7,"0651,1451,1541,1551"
2025020747,4,7,"1451,1541,1551,1560"
2025020786,4,7,"1451,1541,1551,1560"
2025020789,4,7,"1331,1451,1541,1551"
2025020797,4,7,"0651,1451,1541,1551"
2025020824,4,7,"1331,1451,1541,1551"
2025020355,4,6,"0641,0651,1541,1551"
2025020379,4,6,"1441,1451,1541,1551"
2025020443,4,6,"0651,1451,1541,1551"
2025020501,4,6,"0651,1331,1541,1551"
2025020706,4,6,"0651,1451,1541,1551"
2025020763,4,6,"1451,1541,1551,1560"
2025020781,4,6,"0651,1451,1541,1551"
2025020802,4,6,"1451,1541,1551,1560"
2025020251,3,16,"1451,1541,1551"
2025020460,3,14,"1451,1541,1551"
2025020825,3,14,"1451,1541,1551"
2025020226,3,12,"1451,1541,1551"
2025020526,3,12,"1451,1541,1551"
2025020571,3,12,"1451,1541,1551"
2025020605,3,11,"0651,1541,1551"
2025020015,3,10,"1451,1541,1551"
2025020408,3,10,"1451,1541,1551"
2025020424,3,10,"1451,1541,1551"
2025020548,3,10,"1451,1541,1551"
2025020783,3,10,"1451,1541,1551"
2025020841,3,10,"0651,1451,1551"
2025020146,3,8,"1451,1541,1551"
2025020235,3,8,"1451,1541,1551"
2025020292,3,8,"1451,1541,1551"
2025020316,3,8,"1451,1541,1551"
2025020331,3,8,"1451,1541,1551"
2025020363,3,8,"1451,1541,1551"
2025020628,3,8,"1451,1541,1551"
2025020705,3,8,"1451,1541,1551"
2025020426,3,7,"1451,1541,1551"
2025020228,3,6,"1451,1541,1551"
2025020311,3,6,"1451,1541,1551"
2025020386,3,6,"0651,1451,1551"
2025020421,3,6,"1451,1541,1551"
2025020499,3,6,"1451,1541,1551"
2025020559,3,6,"0651,1541,1551"
2025020565,3,6,"1451,1551,1560"
2025020720,3,6,"1451,1541,1551"
2025020831,3,6,"1541,1551,1560"
2025020090,3,4,"0651,1541,1551"
2025020366,3,4,"0651,1451,1551"
2025020791,3,4,"1451,1541,1551"
2025020822,3,3,"1451,1551,1560"
2025020669,2,6,"1541,1551"
2025020619,2,4,"1451,1551"
2025020580,2,1,"0651,1551"
2025020828,0,0,
